1628697746,2021-08-11 16:02:26,ngantn1994,'test save timestamp'
1628778991,2021-08-12 14:36:31,ngantn1994,'roll'
1628779496,2021-08-12 14:44:56,ngantn1994,'roll'
1628779735,2021-08-12 14:48:55,ngantn1994,'roll'
1628780159,2021-08-12 14:55:59,ngantn1994,'roll'
1628780435,2021-08-12 15:00:35,ngantn1994,'roll'
1628781199,2021-08-12 15:13:19,ngantn1994,'roll'
1628781345,2021-08-12 15:15:45,ngantn1994,'roll'
1628781777,2021-08-12 15:22:57,ngantn1994,'roll'
1628781901,2021-08-12 15:25:01,ngantn1994,'roll'
1628782301,2021-08-12 15:31:41,ngantn1994,'roll'
1628782417,2021-08-12 15:33:37,ngantn1994,'roll'
1628782701,2021-08-12 15:38:21,ngantn1994,'roll'
